Rank,Country,2019_Rank,2019_Score,2019_country_code,2019_income_group,2019_total_gdp,2019_total_gdp_million,2019_gdp_variation,2020_Rank,2020_Score,2020_country_code,2020_income_group,2020_total_gdp,2020_total_gdp_million,2020_gdp_variation,2021_Rank,2021_Score,2021_country_code,2021_income_group,2021_total_gdp,2021_total_gdp_million,2021_gdp_variation,2022_Rank,2022_Score,2022_country_code,2022_income_group,2022_total_gdp,2022_total_gdp_million,2022_gdp_variation,2023_Rank,2023_Score,2023_country_code,2023_income_group,2023_total_gdp,2023_total_gdp_million,2023_gdp_variation,2024_Rank,2024_Score
0,Afghanistan,121.0,63.45,AFG,Países De Ingreso Bajo,18799444490.1128,18799.4444901128,3.91160341625552,122.0,62.3,AFG,Países De Ingreso Bajo,19955929052.1496,19955.9290521496,-2.35110067203466,122.0,59.81,AFG,Países De Ingreso Bajo,14259995441.0759,14259.995441075898,-20.7388393676343,156.0,38.27,AFG,Países De Ingreso Bajo,14497243872.1337,14497.2438721337,-6.24017199240269,152.0,39.75,AFG,Países De Ingreso Bajo,17233051620.1117,17233.0516201117,2.71088679128353,178.0,19.09
1,Albania,82.0,70.16,ALB,Ingreso Mediano Alto,15585105131.0644,15585.1051310644,2.06256753999989,84.0,69.75,ALB,Ingreso Mediano Alto,15241458744.8688,15241.4587448688,-3.31371614712083,83.0,69.41,ALB,Ingreso Mediano Alto,18032010563.7558,18032.0105637558,8.96955339178935,103.0,56.41,ALB,Ingreso Mediano Alto,19017242585.7803,19017.2425857803,4.82668831434437,96.0,57.86,ALB,Ingreso Mediano Alto,23547179830.4413,23547.1798304413,3.93662525742167,99.0,54.1
2,Algeria,141.0,54.25,DZA,Ingreso Mediano Alto,193459662090.677,193459.662090677,0.899999999999949,146.0,54.48,DZA,Ingreso Mediano Alto,164873415325.201,164873.415325201,-4.99999999999997,146.0,52.74,DZA,Ingreso Mediano Alto,186231205262.082,186231.205262082,3.79999999999995,134.0,45.53,DZA,Ingreso Mediano Alto,225638456572.143,225638.456572143,3.59999999999998,136.0,45.74,DZA,Ingreso Mediano Alto,247626161016.414,247626.161016414,4.10000000000004,139.0,41.98
3,Andorra,37.0,75.37,AND,Ingreso Alto,3155149347.80639,3155.14934780639,2.01554763848308,37.0,76.77,AND,Ingreso Alto,2891001149.3611,2891.0011493611,-11.1839399355384,39.0,76.68,AND,Ingreso Alto,3324647529.381,3324.647529381,8.28677879049404,53.0,68.79,AND,Ingreso Alto,3380612573.32922,3380.61257332922,9.56461225648184,37.0,75.05,AND,Ingreso Alto,3785067331.7625,3785.0673317625,2.58355480961319,72.0,61.44
4,Angola,109.0,65.04,AGO,Países De Ingreso Mediano Bajo,70897962732.0277,70897.96273202769,-0.702272957616017,106.0,66.08,AGO,Países De Ingreso Mediano Bajo,48501561203.5686,48501.561203568606,-5.63821471714934,103.0,65.94,AGO,Países De Ingreso Mediano Bajo,66505129987.7235,66505.1299877235,1.19921052145153,99.0,57.17,AGO,Países De Ingreso Mediano Bajo,104399746853.401,104399.746853401,3.04472652391918,125.0,48.3,AGO,Países De Ingreso Mediano Bajo,84824654481.7249,84824.6544817249,1.00128936028298,104.0,52.44
5,Argentina,57.0,71.7,ARG,Ingreso Mediano Alto,447754683615.225,447754.68361522496,-2.00086100285785,64.0,71.22,ARG,Ingreso Mediano Alto,385740508436.965,385740.508436965,-9.9004848136464,69.0,71.01,ARG,Ingreso Mediano Alto,486564085480.036,486564.085480036,10.4418119882506,29.0,77.28,ARG,Ingreso Mediano Alto,632790070063.124,632790.0700631241,5.26987967384072,40.0,73.36,ARG,Ingreso Mediano Alto,646075277525.125,646075.277525125,-1.61100162090189,66.0,63.13
6,Armenia,61.0,71.02,ARM,Ingreso Mediano Alto,13619290539.2116,13619.2905392116,7.59999999853918,61.0,71.4,ARM,Ingreso Mediano Alto,12641698583.2152,12641.6985832152,-7.19999999920631,63.0,71.17,ARM,Ingreso Mediano Alto,13878908628.9378,13878.9086289378,5.80000000065645,51.0,68.97,ARM,Ingreso Mediano Alto,19513506553.1251,19513.5065531251,12.5999999997766,48.0,70.61,ARM,Ingreso Mediano Alto,24085749592.3359,24085.7495923359,8.29999999959539,43.0,71.6
7,Australia,21.0,83.45,AUS,Ingreso Alto,1392723834562.64,1392723.83456264,2.17154505737176,26.0,79.79,AUS,Ingreso Alto,1328414058378.38,1328414.0583783798,-0.119590735829973,25.0,80.21,AUS,Ingreso Alto,1556735770437.26,1556735.77043726,2.11116814768786,39.0,73.77,AUS,Ingreso Alto,1690858246994.43,1690858.24699443,4.24238555336139,27.0,78.24,AUS,Ingreso Alto,1728057316695.61,1728057.31669561,3.44199220009025,39.0,73.42
8,Austria,16.0,84.67,AUT,Ingreso Alto,442983642371.842,442983.642371842,1.7549764558533,18.0,84.22,AUT,Ingreso Alto,434397601557.696,434397.601557696,-6.31825528670208,17.0,83.66,AUT,Ingreso Alto,480467037338.783,480467.03733878303,4.79532910551458,31.0,76.74,AUT,Ingreso Alto,471773629830.381,471773.62983038096,5.27789421203715,29.0,77.3,AUT,Ingreso Alto,511685203845.001,511685.203845001,-0.954962366849259,32.0,74.69
9,Azerbaijan,166.0,40.87,AZE,Ingreso Mediano Alto,48174235294.1176,48174.2352941176,2.50000006743734,168.0,41.52,AZE,Ingreso Mediano Alto,42693000000.0,42693.0,-4.30000010230737,167.0,41.23,AZE,Ingreso Mediano Alto,54825411764.7059,54825.4117647059,5.61645102853028,154.0,39.4,AZE,Ingreso Mediano Alto,78807470588.2353,78807.4705882353,4.71480236521231,151.0,39.93,AZE,Ingreso Mediano Alto,72356176470.5882,72356.1764705882,1.12397432709641,164.0,27.99
10,Bahrain,167.0,38.69,BHR,Ingreso Alto,40446808510.6383,40446.8085106383,2.05287774418655,169.0,39.87,BHR,Ingreso Alto,35837632978.7234,35837.6329787234,-5.9113629524152,168.0,38.9,BHR,Ingreso Alto,40840212765.9574,40840.2127659574,4.35004091668986,167.0,30.97,BHR,Ingreso Alto,46680398936.1702,46680.3989361702,5.98130282177125,171.0,30.59,BHR,Ingreso Alto,46079867021.2766,46079.8670212766,2.9807927665851,173.0,23.21
11,Bangladesh,150.0,49.26,BGD,Países De Ingreso Mediano Bajo,351231654603.692,351231.654603692,7.88191515117722,151.0,50.63,BGD,Países De Ingreso Mediano Bajo,373979442362.193,373979.442362193,3.44801755122445,152.0,50.29,BGD,Países De Ingreso Mediano Bajo,416271647911.014,416271.647911014,6.93867912442445,162.0,36.63,BGD,Países De Ingreso Mediano Bajo,460131688909.301,460131.688909301,7.09982877575158,163.0,35.31,BGD,Países De Ingreso Mediano Bajo,437415331040.994,437415.331040994,5.77511237007889,165.0,27.64
12,Belarus,153.0,48.34,BLR,Ingreso Mediano Alto,64410122847.3508,64410.1228473508,1.44645547691826,153.0,50.25,BLR,Ingreso Mediano Alto,61371755326.2351,61371.7553262351,-0.672742950624155,158.0,49.18,BLR,Ingreso Mediano Alto,69673747131.87,69673.74713187,2.43886212396819,153.0,39.62,BLR,Ingreso Mediano Alto,73775179924.603,73775.179924603,-4.65839591573591,157.0,37.17,BLR,Ingreso Mediano Alto,71857382745.6066,71857.38274560659,3.88624214456901,167.0,26.8
13,Belgium,9.0,87.93,BEL,Ingreso Alto,536726344405.489,536726.344405489,2.44289006648609,12.0,87.43,BEL,Ingreso Alto,529694473501.791,529694.473501791,-4.79298389726264,11.0,88.31,BEL,Ingreso Alto,598494036474.409,598494.036474409,6.20255401586081,23.0,78.86,BEL,Ingreso Alto,593438820508.173,593438.820508173,4.2334318336917,31.0,76.47,BEL,Ingreso Alto,644782756682.756,644782.756682756,1.25170063203595,16.0,81.49
14,Belize,53.0,72.5,BLZ,Ingreso Mediano Alto,2388300000.0,2388.3,4.26763689618086,53.0,72.5,BLZ,Ingreso Mediano Alto,2042850000.0,2042.85,-13.9029100645218,53.0,72.39,BLZ,Ingreso Mediano Alto,2420550000.0,2420.55,17.7461701205679,47.0,70.67,BLZ,Ingreso Mediano Alto,2846700000.0,2846.7,9.65297772389758,51.0,70.49,BLZ,Ingreso Mediano Alto,3066850000.0,3066.85,1.14901682065862,54.0,66.85
15,Benin,96.0,68.26,BEN,Países De Ingreso Mediano Bajo,14391686309.033,14391.686309033,6.86568662848335,113.0,64.89,BEN,Países De Ingreso Mediano Bajo,15651545208.8783,15651.5452088783,3.84879240030133,114.0,61.82,BEN,Países De Ingreso Mediano Bajo,17690083519.9323,17690.0835199323,7.1554516457574,121.0,48.39,BEN,Países De Ingreso Mediano Bajo,17401746309.2655,17401.746309265498,6.25324491401346,112.0,52.44,BEN,Países De Ingreso Mediano Bajo,19676049075.7011,19676.0490757011,6.35282160914288,89.0,56.73
16,Bhutan,80.0,70.19,BTN,Países De Ingreso Mediano Bajo,2735683570.28851,2735.68357028851,5.75514850618227,67.0,71.1,BTN,Países De Ingreso Mediano Bajo,2457604334.15915,2457.6043341591503,-10.2183974073689,65.0,71.14,BTN,Países De Ingreso Mediano Bajo,2768802959.60794,2768.80295960794,4.42136740220592,33.0,76.46,BTN,Países De Ingreso Mediano Bajo,2898227743.13545,2898.22774313545,5.21386781145085,90.0,59.25,BTN,Países De Ingreso Mediano Bajo,0.0,0.0,0.0,147.0,37.29
17,Bolivia,113.0,64.62,,,,,,114.0,64.63,,,,,,110.0,64.53,,,,,,126.0,47.58,,,,,,117.0,51.09,,,,,,124.0,48.88
18,Bosnia and Herzegovina,63.0,70.98,,,,,,58.0,71.49,,,,,,58.0,71.66,,,,,,67.0,65.64,,,,,,64.0,65.43,,,,,,81.0,58.85
19,Botswana,44.0,74.91,BWA,Ingreso Mediano Alto,16725908148.5481,16725.9081485481,3.0322025744566,39.0,76.44,BWA,Ingreso Mediano Alto,14960291105.9316,14960.2911059316,-8.72875252639037,38.0,76.75,BWA,Ingreso Mediano Alto,18750946600.1423,18750.9466001423,11.9206365085117,95.0,58.49,BWA,Ingreso Mediano Alto,20321958850.0363,20321.958850036302,5.48602817797183,65.0,64.61,BWA,Ingreso Mediano Alto,19396084498.0084,19396.0844980084,2.73379817032757,79.0,59.78
20,Brazil,105.0,67.21,BRA,Ingreso Mediano Alto,1873288205186.45,1873288.20518645,1.22077782360842,107.0,65.95,BRA,Ingreso Mediano Alto,1476107231194.11,1476107.23119411,-3.2767587964736,111.0,63.75,BRA,Ingreso Mediano Alto,1670647399034.67,1670647.39903467,4.76260437908608,110.0,55.36,BRA,Ingreso Mediano Alto,1951923942083.32,1951923.94208332,3.01669435393015,92.0,58.67,BRA,Ingreso Mediano Alto,2173665655937.27,2173665.65593727,2.90848048667777,82.0,58.59
21,Brunei,152.0,48.52,,,,,,152.0,50.35,,,,,,154.0,50.09,,,,,,144.0,42.53,,,,,,142.0,44.2,,,,,,117.0,50.09
22,Bulgaria,111.0,64.89,BGR,Ingreso Alto,68631726289.2794,68631.72628927941,3.78885036478003,111.0,64.94,BGR,Ingreso Alto,70716821234.5967,70716.82123459669,-3.21573743445016,112.0,62.71,BGR,Ingreso Alto,84417951260.8091,84417.9512608091,7.78061481406978,91.0,59.12,BGR,Ingreso Alto,90642851835.8996,90642.8518358996,4.03877758301681,71.0,62.98,BGR,Ingreso Alto,102407653020.606,102407.653020606,1.88681483907177,59.0,65.32
23,Burkina Faso,36.0,75.47,BFA,Países De Ingreso Bajo,16032813503.3707,16032.8135033707,5.88920497068135,38.0,76.53,BFA,Países De Ingreso Bajo,17725010532.5268,17725.010532526798,2.01077262406221,37.0,76.83,BFA,Países De Ingreso Bajo,19697516284.3787,19697.5162843787,6.94252492572348,41.0,73.12,BFA,Países De Ingreso Bajo,18820218690.5948,18820.2186905948,1.4972397409897,58.0,67.64,BFA,Países De Ingreso Bajo,20324617844.5265,20324.6178445265,2.96018147384929,86.0,58.24
24,Burundi,159.0,47.11,BDI,Países De Ingreso Bajo,2576518879.82353,2576.5188798235304,1.81256532401552,160.0,44.67,BDI,Países De Ingreso Bajo,2649680261.44299,2649.68026144299,0.327156892638385,147.0,52.43,BDI,Países De Ingreso Bajo,2775798697.46022,2775.79869746022,3.09999999870627,107.0,55.74,BDI,Países De Ingreso Bajo,3338722827.65691,3338.72282765691,1.84899943948213,114.0,52.14,BDI,Países De Ingreso Bajo,2642161668.85211,2642.16166885211,2.70000059705133,108.0,51.78
25,Cambodia,143.0,54.1,KHM,Países De Ingreso Mediano Bajo,36685356407.7206,36685.3564077206,7.93695013588524,144.0,54.54,KHM,Países De Ingreso Mediano Bajo,34818073901.4851,34818.0739014851,-3.55572193406549,144.0,53.16,KHM,Países De Ingreso Mediano Bajo,36790163687.4421,36790.1636874421,3.08984284148661,142.0,43.48,KHM,Países De Ingreso Mediano Bajo,39994532959.6074,39994.5329596074,5.10336888677125,147.0,42.02,KHM,Países De Ingreso Mediano Bajo,42335646895.7984,42335.6468957984,4.96006658918908,151.0,34.28
26,Cameroon,131.0,56.68,CMR,Países De Ingreso Mediano Bajo,39667757527.6578,39667.7575276578,3.47505998194981,134.0,56.72,CMR,Países De Ingreso Mediano Bajo,40773241177.0505,40773.2411770505,0.259932915907115,135.0,56.22,CMR,Países De Ingreso Mediano Bajo,45011937346.8384,45011.9373468384,3.33885747179505,118.0,49.1,CMR,Países De Ingreso Mediano Bajo,44347206072.5513,44347.2060725513,3.7367840056412,138.0,45.58,CMR,Países De Ingreso Mediano Bajo,49279410982.826,49279.410982826,3.24834497823876,130.0,44.95
27,Canada,18.0,84.31,CAN,Ingreso Alto,1743725183672.52,1743725.18367252,1.9084319253883,16.0,84.71,CAN,Ingreso Alto,1655684730000.19,1655684.73000019,-5.03823344128351,13.0,84.75,CAN,Ingreso Alto,2007472181464.15,2007472.1814641496,5.28695689105889,19.0,81.74,CAN,Ingreso Alto,2161483369422.01,2161483.36942201,3.81986633913397,15.0,83.53,CAN,Ingreso Alto,2142470914401.36,2142470.9144013603,1.24892730403391,14.0,81.7
28,Cape Verde,25.0,80.19,,,,,,25.0,79.85,,,,,,27.0,79.91,,,,,,36.0,75.37,,,,,,33.0,75.72,,,,,,41.0,72.77
29,Central African Republic,145.0,52.73,CAF,Países De Ingreso Bajo,2221301351.43918,2221.30135143918,3.09999999999999,132.0,57.13,CAF,Países De Ingreso Bajo,2326720900.38047,2326.7209003804696,0.899999996857062,126.0,58.08,CAF,Países De Ingreso Bajo,2516498412.46384,2516.49841246384,0.982919996264229,101.0,56.96,CAF,Países De Ingreso Bajo,2382618615.01694,2382.61861501694,0.502110003427035,98.0,57.56,CAF,Países De Ingreso Bajo,2555492085.24831,2555.49208524831,0.870251450842758,76.0,60.12
30,Chad,122.0,63.29,TCD,Países De Ingreso Bajo,11314951091.7283,11314.9510917283,3.24718191743429,123.0,60.3,TCD,Países De Ingreso Bajo,10715396042.3343,10715.3960423343,-1.60000673705524,123.0,59.8,TCD,Países De Ingreso Bajo,11779981332.8631,11779.9813328631,-1.16918700397552,104.0,56.18,TCD,Países De Ingreso Bajo,12396807588.4082,12396.8075884082,2.80434074839411,109.0,53.73,TCD,Países De Ingreso Bajo,13149325362.3347,13149.3253623347,4.12231962001739,96.0,54.81
31,Chile,46.0,74.35,CHL,Ingreso Alto,278285058719.466,278285.058719466,0.634367533828438,51.0,72.69,CHL,Ingreso Alto,254042159309.311,254042.159309311,-6.14347479224092,54.0,72.11,CHL,Ingreso Alto,315515014838.539,315515.014838539,11.3339570691911,82.0,60.61,CHL,Ingreso Alto,302116539409.03,302116.53940903005,2.05874008095333,83.0,60.09,CHL,Ingreso Alto,335533331669.219,335533.331669219,0.218780666901552,52.0,67.32
32,China,177.0,21.08,CHN,Ingreso Mediano Alto,14279968506271.7,14279968.5062717,5.95050075367413,177.0,21.52,CHN,Ingreso Mediano Alto,14687744162801.0,14687744.162801,2.23863835634639,177.0,21.28,CHN,Ingreso Mediano Alto,17820459508852.2,17820459.5088522,8.44846941687277,175.0,25.17,CHN,Ingreso Mediano Alto,17881782683707.3,17881782.6837073,2.95066992959268,179.0,22.97,CHN,Ingreso Mediano Alto,17794783039552.0,17794783.039552,5.24955786387791,172.0,23.36
33,Colombia,129.0,57.18,COL,Ingreso Mediano Alto,323031701192.84,323031.70119284,3.18685539245533,130.0,57.34,COL,Ingreso Mediano Alto,270348342541.465,270348.342541465,-7.18591413760859,134.0,56.26,COL,Ingreso Mediano Alto,318524633225.395,318524.633225395,10.8011981904878,145.0,42.43,COL,Ingreso Mediano Alto,345329875078.512,345329.875078512,7.2888838865514,139.0,45.23,COL,Ingreso Mediano Alto,363493841244.303,363493.841244303,0.610409565791542,119.0,49.63
34,Comoros,56.0,72.09,COM,Países De Ingreso Mediano Bajo,1195019531.9011,1195.0195319011,1.76078023923176,75.0,70.23,COM,Países De Ingreso Mediano Bajo,1225039196.61091,1225.03919661091,-0.195556827149787,84.0,69.35,COM,Países De Ingreso Mediano Bajo,1296089479.91978,1296.08947991978,2.00016198933761,83.0,60.16,COM,Países De Ingreso Mediano Bajo,1242519407.77603,1242.51940777603,2.60301031927843,75.0,62.25,COM,Países De Ingreso Mediano Bajo,1352380971.24055,1352.38097124055,2.99567457175966,71.0,61.47
35,Congo,117.0,63.96,COG,Países De Ingreso Mediano Bajo,13976637779.9763,13976.6377799763,1.12447391976529,118.0,63.44,COG,Países De Ingreso Mediano Bajo,11468687464.0046,11468.6874640046,-6.26777227963225,118.0,61.17,COG,Países De Ingreso Mediano Bajo,14825690210.9157,14825.690210915702,1.01507036990908,93.0,58.64,COG,Países De Ingreso Mediano Bajo,15817030154.6941,15817.0301546941,1.47535613247133,81.0,60.42,COG,Países De Ingreso Mediano Bajo,15321055822.5167,15321.0558225167,1.90686426346754,69.0,62.57
36,Costa Rica,10.0,87.76,CRI,Ingreso Mediano Alto,64417670521.3545,64417.6705213545,2.41751181762513,7.0,89.47,CRI,Ingreso Mediano Alto,62395610760.0492,62395.6107600492,-4.27335432161462,5.0,91.24,CRI,Ingreso Mediano Alto,64960725734.1965,64960.7257341965,7.93576224743147,8.0,85.92,CRI,Ingreso Mediano Alto,69243626028.5936,69243.6260285936,4.55149177958398,23.0,80.2,CRI,Ingreso Mediano Alto,86497941439.0174,86497.94143901739,5.11192183224598,26.0,76.13
37,Croatia,64.0,70.97,HRV,Ingreso Alto,61467582193.6824,61467.58219368241,3.10043911443758,59.0,71.49,HRV,Ingreso Alto,57963370885.0798,57963.37088507981,-8.31164257884687,56.0,72.05,HRV,Ingreso Alto,69006802298.6956,69006.8022986956,12.6317003277712,48.0,70.42,HRV,Ingreso Alto,71198635101.9514,71198.6351019514,7.28793643206565,42.0,71.95,HRV,Ingreso Alto,84393795502.4421,84393.7955024421,3.30254488086325,48.0,68.79
38,Cuba,169.0,36.19,CUB,Ingreso Mediano Alto,103427600000.0,103427.6,-0.163087223606624,171.0,36.19,CUB,Ingreso Mediano Alto,107351800000.0,107351.8,-10.9490846048862,171.0,36.06,CUB,Ingreso Mediano Alto,0.0,0.0,1.25369342501311,173.0,27.32,CUB,Ingreso Mediano Alto,0.0,0.0,1.77485399483382,172.0,29.0,CUB,Ingreso Mediano Alto,0.0,0.0,-1.92899211214875,168.0,25.63
39,Cyprus,28.0,78.26,CYP,Ingreso Alto,26196667099.5303,26196.6670995303,5.87559123003267,27.0,79.55,CYP,Ingreso Alto,25555093854.2968,25555.0938542968,-3.22063433575047,26.0,80.15,CYP,Ingreso Alto,30372874319.6285,30372.874319628503,11.3877633552,65.0,65.97,CYP,Ingreso Alto,30976176886.8521,30976.1768868521,7.36562252428676,55.0,68.62,CYP,Ingreso Alto,33886930712.3394,33886.9307123394,2.61190090914745,65.0,63.14
40,Czech Republic,40.0,75.11,,,,,,40.0,76.43,,,,,,40.0,76.62,,,,,,20.0,80.54,,,,,,14.0,83.58,,,,,,17.0,80.14
41,DR Congo,154.0,48.29,,,,,,150.0,50.91,,,,,,149.0,51.41,,,,,,125.0,47.66,,,,,,124.0,48.55,,,,,,123.0,48.91
42,Denmark,5.0,90.13,DNK,Ingreso Alto,345401473012.615,345401.473012615,1.7114009439059,3.0,91.87,DNK,Ingreso Alto,355631021931.621,355631.02193162096,-1.7801059882175,4.0,91.43,DNK,Ingreso Alto,408378204639.999,408378.204639999,7.38206628977555,2.0,90.27,DNK,Ingreso Alto,401945576107.963,401945.576107963,1.54017310709567,3.0,89.48,DNK,Ingreso Alto,407091920305.404,407091.920305404,2.49518433148894,2.0,89.6
43,Djibouti,173.0,28.64,DJI,Países De Ingreso Mediano Bajo,3088853638.56832,3088.85363856832,5.5451305999467,176.0,23.27,DJI,Países De Ingreso Mediano Bajo,3185150981.03207,3185.1509810320704,1.31636324158441,176.0,21.38,DJI,Países De Ingreso Mediano Bajo,3385825228.86997,3385.82522886997,4.52234774643705,164.0,35.75,DJI,Países De Ingreso Mediano Bajo,3674298479.07676,3674.29847907676,3.72857647005031,162.0,35.87,DJI,Países De Ingreso Mediano Bajo,4098530513.55777,4098.53051355777,6.67664964361434,161.0,30.14
44,Dominican Republic,55.0,72.1,DOM,Ingreso Mediano Alto,88941372558.2397,88941.3725582397,5.05216802016253,55.0,72.1,DOM,Ingreso Mediano Alto,78844656298.1776,78844.6562981776,-6.72023937283404,50.0,74.4,DOM,Ingreso Mediano Alto,94243425938.3647,94243.4259383647,12.2719902347896,30.0,76.9,DOM,Ingreso Mediano Alto,113537368176.13,113537.36817613,4.85832403582451,43.0,71.88,DOM,Ingreso Mediano Alto,121444279313.931,121444.279313931,2.36061568723294,35.0,73.89
45,Ecuador,97.0,68.12,ECU,Ingreso Mediano Alto,107595829000.0,107595.829,0.165403532646692,98.0,67.38,ECU,Ingreso Mediano Alto,95865472000.0,95865.472,-9.24509637743429,96.0,67.17,ECU,Ingreso Mediano Alto,107435101000.0,107435.101,9.818417748417,68.0,64.61,ECU,Ingreso Mediano Alto,116586079000.0,116586.079,6.18613907258741,80.0,60.51,ECU,Ingreso Mediano Alto,118844826000.0,118844.826,2.35521790742197,110.0,51.3
46,Egypt,163.0,43.53,EGY,Países De Ingreso Mediano Bajo,318678815489.749,318678.815489749,5.55209307156956,166.0,43.18,EGY,Países De Ingreso Mediano Bajo,383817841547.099,383817.841547099,3.55016483786838,166.0,43.83,EGY,Países De Ingreso Mediano Bajo,424671765455.704,424671.765455704,3.29064601202211,168.0,30.23,EGY,Países De Ingreso Mediano Bajo,476747720364.742,476747.720364742,6.58784560886967,166.0,33.37,EGY,Países De Ingreso Mediano Bajo,396002496996.96,396002.49699696,3.75870055176806,170.0,25.1
47,El Salvador,81.0,70.19,SLV,Ingreso Mediano Alto,26881140000.0,26881.14,2.43747159065784,74.0,70.3,SLV,Ingreso Mediano Alto,24921190000.0,24921.19,-7.893101359867,82.0,69.51,SLV,Ingreso Mediano Alto,29043140000.0,29043.14,11.9047617015957,112.0,54.09,SLV,Ingreso Mediano Alto,31988920000.0,31988.92,2.79955216943868,115.0,51.36,SLV,Ingreso Mediano Alto,34015620000.0,34015.62,3.51097706608982,133.0,44.01
48,Equatorial Guinea,165.0,41.65,GNQ,Ingreso Mediano Alto,11364133549.7478,11364.1335497478,-5.48182537893445,165.0,43.62,GNQ,Ingreso Mediano Alto,9893816007.7398,9893.8160077398,-4.79108083383294,164.0,44.33,GNQ,Ingreso Mediano Alto,12215878032.7166,12215.8780327166,0.860269956382069,141.0,43.96,GNQ,Ingreso Mediano Alto,13687643435.6249,13687.6434356249,3.22350831658598,120.0,50.35,GNQ,Ingreso Mediano Alto,12337550583.754,12337.550583754,-5.08930872071532,127.0,46.49
49,Eritrea,178.0,19.74,ERI,Países De Ingreso Bajo,0.0,0.0,0.0,178.0,16.5,ERI,Países De Ingreso Bajo,0.0,0.0,0.0,180.0,18.55,ERI,Países De Ingreso Bajo,0.0,0.0,0.0,179.0,19.62,ERI,Países De Ingreso Bajo,0.0,0.0,0.0,174.0,27.86,ERI,Países De Ingreso Bajo,0.0,0.0,0.0,180.0,16.64
50,Estonia,11.0,87.73,EST,Ingreso Alto,31873748770.0313,31873.7487700313,3.72665318178397,14.0,87.39,EST,Ingreso Alto,31820771493.8974,31820.7714938974,-2.88381004140328,15.0,84.75,EST,Ingreso Alto,37204563051.4723,37204.56305147229,7.15444748334397,4.0,88.83,EST,Ingreso Alto,38376046174.971,38376.046174971,0.0604278323325786,8.0,85.31,EST,Ingreso Alto,41291245222.1948,41291.2452221948,-3.02303584066192,6.0,86.44
51,Eswatini,147.0,50.91,SWZ,Países De Ingreso Mediano Bajo,4594818143.27624,4594.81814327624,4.96212142479391,141.0,54.85,SWZ,Países De Ingreso Mediano Bajo,4105756862.55271,4105.75686255271,-2.88706296038356,141.0,53.66,SWZ,Países De Ingreso Mediano Bajo,4737671576.32851,4737.67157632851,3.39933858133693,131.0,46.42,SWZ,Países De Ingreso Mediano Bajo,4695372785.0814,4695.3727850814,-0.0676192583464115,111.0,52.66,SWZ,Países De Ingreso Mediano Bajo,4442875788.08505,4442.87578808505,5.01490471257054,85.0,58.31
52,Ethiopia,110.0,64.89,ETH,Países De Ingreso Bajo,95912607722.3032,95912.6077223032,8.3640856990789,99.0,67.18,ETH,Países De Ingreso Bajo,107657734392.446,107657.734392446,6.05953088643369,101.0,66.37,ETH,Países De Ingreso Bajo,111261882958.426,111261.882958426,5.64153071734657,114.0,50.53,ETH,Países De Ingreso Bajo,126772703047.701,126772.703047701,5.32117628383672,130.0,47.7,ETH,Países De Ingreso Bajo,163697927593.982,163697.927593982,6.49813464238613,141.0,41.37
53,Fiji,52.0,72.82,FJI,Ingreso Mediano Alto,5444407214.31758,5444.40721431758,-0.581946371012094,52.0,72.59,FJI,Ingreso Mediano Alto,4432466237.09588,4432.46623709588,-17.0386675274098,55.0,72.08,FJI,Ingreso Mediano Alto,4305031630.81808,4305.03163081808,-4.88103605578388,102.0,56.91,FJI,Ingreso Mediano Alto,4969503560.7735,4969.503560773501,19.7927266933385,89.0,59.27,FJI,Ingreso Mediano Alto,5442046565.04719,5442.04656504719,7.52429088237292,44.0,71.23
54,Finland,2.0,92.1,FIN,Ingreso Alto,267014821129.411,267014.821129411,1.34973843826123,2.0,92.07,FIN,Ingreso Alto,270000311606.226,270000.311606226,-2.49103620977239,2.0,93.01,FIN,Ingreso Alto,294223210496.119,294223.210496119,2.73471348589543,5.0,88.42,FIN,Ingreso Alto,280241515774.32,280241.51577432,1.4500480727209,5.0,87.94,FIN,Ingreso Alto,295532341254.907,295532.34125490696,-1.16396281522198,5.0,86.55
55,France,32.0,77.79,FRA,Ingreso Alto,2722793515171.76,2722793.51517176,2.02744647639635,34.0,77.08,FRA,Ingreso Alto,2647926055110.05,2647926.05511005,-7.44064593044142,34.0,77.4,FRA,Ingreso Alto,2966433692008.09,2966433.6920080897,6.88233786590355,26.0,78.53,FRA,Ingreso Alto,2796302210398.84,2796302.21039884,2.57084047443969,24.0,78.72,FRA,Ingreso Alto,3051831611384.76,3051831.61138476,0.936487502671483,21.0,78.65
56,Gabon,115.0,64.4,GAB,Ingreso Mediano Alto,16874405465.391,16874.405465391003,3.92080879452831,121.0,62.8,GAB,Ingreso Mediano Alto,15342236163.9864,15342.2361639864,-1.8377610635094,117.0,61.4,GAB,Ingreso Mediano Alto,19444935097.2395,19444.935097239497,1.46795731508091,105.0,56.0,GAB,Ingreso Mediano Alto,20440655695.1804,20440.6556951804,3.03761449502689,94.0,58.12,GAB,Ingreso Mediano Alto,19388402541.6698,19388.4025416698,2.44588083119469,56.0,65.83
57,Gambia,92.0,68.65,GMB,Países De Ingreso Bajo,1813609692.49994,1813.60969249994,6.22205315994859,87.0,69.38,GMB,Países De Ingreso Bajo,1812170891.19069,1812.17089119069,0.591487287873974,85.0,69.24,GMB,Países De Ingreso Bajo,2014158842.14596,2014.15884214596,5.25596878816744,50.0,69.25,GMB,Países De Ingreso Bajo,2204734527.88096,2204.73452788096,5.49299823010114,46.0,71.06,GMB,Países De Ingreso Bajo,2396111021.64149,2396.11102164149,4.79750895186164,58.0,65.53
58,Georgia,60.0,71.02,GEO,Ingreso Mediano Alto,17638337116.9126,17638.3371169126,5.38071926589951,60.0,71.41,GEO,Ingreso Mediano Alto,16010869215.68,16010.86921568,-6.2904717853839,60.0,71.36,GEO,Ingreso Mediano Alto,18853115588.8106,18853.1155888106,10.6442336580969,89.0,59.3,GEO,Ingreso Mediano Alto,24984568959.605,24984.568959605,10.9585321385624,77.0,61.69,GEO,Ingreso Mediano Alto,30777833585.4441,30777.8335854441,7.8322012152783,103.0,53.05
59,Germany,13.0,85.4,DEU,Ingreso Alto,3957208055215.68,3957208.05521568,0.987893349167578,11.0,87.84,DEU,Ingreso Alto,3940142541354.1,3940142.5413541,-4.09513749064689,13.0,84.76,DEU,Ingreso Alto,4348297440387.53,4348297.440387529,3.66999986156735,16.0,82.04,DEU,Ingreso Alto,4163596357879.39,4163596.35787939,1.36973105536585,21.0,81.91,DEU,Ingreso Alto,4525703903627.53,4525703.903627531,-0.266438410090913,10.0,83.84
60,Ghana,27.0,79.19,GHA,Países De Ingreso Mediano Bajo,68337969247.7067,68337.9692477067,6.5077747939152,30.0,77.74,GHA,Países De Ingreso Mediano Bajo,70043099675.68,70043.09967567999,0.513941670628171,30.0,78.67,GHA,Países De Ingreso Mediano Bajo,79524421861.2743,79524.42186127431,5.07646643533542,60.0,67.43,GHA,Países De Ingreso Mediano Bajo,74263364041.8742,74263.3640418742,3.81750462109567,62.0,65.93,GHA,Países De Ingreso Mediano Bajo,76370396722.154,76370.39672215401,2.94478583082221,50.0,67.71
61,Greece,65.0,70.92,GRC,Ingreso Alto,207305649887.019,207305.649887019,2.27718063644569,65.0,71.2,GRC,Ingreso Alto,191362985554.861,191362.985554861,-9.19623147082588,70.0,70.99,GRC,Ingreso Alto,218303801895.326,218303.801895326,8.65449785311438,108.0,55.52,GRC,Ingreso Alto,218880566444.349,218880.566444349,5.74364918958959,107.0,55.2,GRC,Ingreso Alto,243498333237.802,243498.333237802,2.3321238825698,88.0,57.15
62,Guatemala,116.0,64.06,GTM,Ingreso Mediano Alto,77172317258.6478,77172.3172586478,4.0178979343828,116.0,64.26,GTM,Ingreso Mediano Alto,77719464220.73,77719.46422072999,-1.78555194467604,116.0,61.55,GTM,Ingreso Mediano Alto,86478835636.3813,86478.8356363813,8.03326771516488,124.0,47.94,GTM,Ingreso Mediano Alto,95630524813.106,95630.524813106,4.20015588892568,127.0,48.12,GTM,Ingreso Mediano Alto,104450210572.012,104450.210572012,3.52679214166824,138.0,42.28
63,Guinea,107.0,66.51,GIN,Países De Ingreso Mediano Bajo,13442861496.4454,13442.8614964454,5.61691446889876,110.0,65.66,GIN,Países De Ingreso Mediano Bajo,14088693742.9464,14088.6937429464,4.70459096113575,109.0,64.58,GIN,Países De Ingreso Mediano Bajo,17069115737.8259,17069.115737825898,5.5823328114905,84.0,59.82,GIN,Países De Ingreso Mediano Bajo,19910452541.9219,19910.452541921903,3.97240784200721,85.0,59.51,GIN,Países De Ingreso Mediano Bajo,22199409741.2578,22199.4097412578,6.74493444630886,78.0,59.97
64,Guinea-Bissau,89.0,69.05,GNB,Países De Ingreso Bajo,1588638853.59328,1588.63885359328,5.55045564999175,94.0,67.94,GNB,Países De Ingreso Bajo,1646400349.84867,1646.40034984867,1.49527443726818,95.0,67.32,GNB,Países De Ingreso Bajo,1853796455.89489,1853.79645589489,6.18267668294831,92.0,58.79,GNB,Países De Ingreso Bajo,1796608530.82267,1796.60853082267,4.60583180729681,78.0,61.57,GNB,Países De Ingreso Bajo,2048348108.35852,2048.34810835852,5.19926829741253,92.0,55.95
65,Guyana,51.0,73.37,GUY,Ingreso Alto,5173760191.84652,5173.760191846521,5.35284003535665,49.0,73.37,GUY,Ingreso Alto,5471256594.72422,5471.25659472422,43.479651716849,51.0,74.39,GUY,Ingreso Alto,8041363893.04556,8041.36389304556,20.0600280629427,34.0,76.41,GUY,Ingreso Alto,14718387016.7866,14718.3870167866,63.3345871591983,60.0,67.5,GUY,Ingreso Alto,17159509565.4676,17159.5095654676,33.8026170921817,77.0,60.1
66,Haiti,62.0,71.0,HTI,Países De Ingreso Mediano Bajo,15016090929.5125,15016.0909295125,-1.72309699839232,83.0,69.8,HTI,Países De Ingreso Mediano Bajo,14508222518.3018,14508.2225183018,-3.30550546965893,87.0,68.88,HTI,Países De Ingreso Mediano Bajo,20877414952.6375,20877.4149526375,-1.79823988931486,70.0,64.55,HTI,Países De Ingreso Mediano Bajo,20253551920.5516,20253.551920551603,-1.68198396897978,99.0,57.38,HTI,Países De Ingreso Mediano Bajo,19850829757.5418,19850.8297575418,-1.86388420254838,93.0,55.92
67,Honduras,146.0,51.47,HND,Países De Ingreso Mediano Bajo,24882225741.8119,24882.2257418119,2.55963434592314,148.0,51.8,HND,Países De Ingreso Mediano Bajo,23352232483.755,23352.232483755,-8.96508223267296,151.0,50.65,HND,Países De Ingreso Mediano Bajo,28144331506.6149,28144.331506614897,12.5652843771279,165.0,34.61,HND,Países De Ingreso Mediano Bajo,31426041806.7985,31426.0418067985,4.14356194013767,169.0,32.65,HND,Países De Ingreso Mediano Bajo,34400509852.0436,34400.5098520436,3.58260362632656,146.0,38.18
68,Hong Kong,73.0,70.35,HKG,Ingreso Alto,363074545072.389,363074.54507238895,-1.67239123872136,80.0,69.99,HKG,Ingreso Alto,344943149590.058,344943.149590058,-6.54476757335387,80.0,69.56,HKG,Ingreso Alto,368954169748.818,368954.169748818,6.45440824066419,148.0,41.64,HKG,Ingreso Alto,358681066274.469,358681.066274469,-3.68357113148396,140.0,44.86,HKG,Ingreso Alto,380812234827.832,380812.234827832,3.27652625631858,135.0,43.06
69,Hungary,87.0,69.56,HUN,Ingreso Alto,164020460331.659,164020.460331659,4.86422573511891,89.0,69.16,HUN,Ingreso Alto,157288955508.176,157288.955508176,-4.48704604765308,92.0,68.24,HUN,Ingreso Alto,182109999477.691,182109.99947769105,7.06122060972912,85.0,59.8,HUN,Ingreso Alto,177006128624.627,177006.12862462702,4.58340767295068,72.0,62.96,HUN,Ingreso Alto,212388906458.724,212388.906458724,-0.907685956140242,67.0,62.98
70,Iceland,14.0,85.29,ISL,Ingreso Alto,24681343649.2952,24681.3436492952,1.86117794293874,15.0,84.88,ISL,Ingreso Alto,21629953194.0659,21629.9531940659,-6.94045309489034,16.0,84.63,ISL,Ingreso Alto,25825287184.3818,25825.287184381803,5.25420975317854,15.0,82.69,ISL,Ingreso Alto,28770206626.5564,28770.2066265564,8.9925076126915,18.0,83.19,ISL,Ingreso Alto,31325116556.3807,31325.1165563807,5.03717943960838,18.0,80.13
71,India,140.0,54.33,IND,Países De Ingreso Mediano Bajo,2835606256558.19,2835606.25655819,3.87143694070356,142.0,54.67,IND,Países De Ingreso Mediano Bajo,2674851578587.27,2674851.57858727,-5.77772470686801,142.0,53.44,IND,Países De Ingreso Mediano Bajo,3167270623260.47,3167270.62326047,9.68959249192875,150.0,41.0,IND,Países De Ingreso Mediano Bajo,3353470496886.33,3353470.49688633,6.9870393257555,161.0,36.62,IND,Países De Ingreso Mediano Bajo,3567551674623.01,3567551.6746230097,8.1529363109041,159.0,31.28
72,Indonesia,124.0,63.23,IDN,Ingreso Mediano Alto,1119099871385.79,1119099.87138579,5.01928768046282,119.0,63.18,IDN,Ingreso Mediano Alto,1059054842711.55,1059054.84271155,-2.06551182934165,113.0,62.6,IDN,Ingreso Mediano Alto,1186509691070.97,1186509.69107097,3.70288562827751,117.0,49.27,IDN,Ingreso Mediano Alto,1319076267291.51,1319076.26729151,5.30741934775764,108.0,54.83,IDN,Ingreso Mediano Alto,1371171152331.16,1371171.15233116,5.04810577067288,111.0,51.15
73,Iran,170.0,35.59,,,,,,173.0,35.19,,,,,,174.0,27.3,,,,,,178.0,23.22,,,,,,177.0,24.81,,,,,,176.0,21.3
74,Iraq,156.0,47.4,IRQ,Ingreso Mediano Alto,233636097800.338,233636.097800338,5.51379057540518,162.0,44.63,IRQ,Ingreso Mediano Alto,180898797516.874,180898.797516874,-12.0367930931001,163.0,44.43,IRQ,Ingreso Mediano Alto,209691945713.103,209691.945713103,1.5021807095434,172.0,28.59,IRQ,Ingreso Mediano Alto,286640340965.517,286640.34096551704,7.63981140218355,167.0,32.94,IRQ,Ingreso Mediano Alto,250842782139.464,250842.782139464,-2.93555773971221,169.0,25.48
75,Ireland,15.0,85.0,IRL,Ingreso Alto,407124824064.995,407124.824064995,5.040550288018,13.0,87.4,IRL,Ingreso Alto,436555518400.451,436555.518400451,7.15789883057209,12.0,88.09,IRL,Ingreso Alto,531306516907.984,531306.516907984,16.2556132446002,6.0,88.3,IRL,Ingreso Alto,548570250341.987,548570.250341987,8.61950355191492,2.0,89.91,IRL,Ingreso Alto,551394889339.778,551394.889339778,-5.53000736095537,8.0,85.59
76,Israel,88.0,69.2,ISR,Ingreso Alto,399651065197.871,399651.06519787095,3.78514145224655,88.0,69.16,ISR,Ingreso Alto,411728563086.632,411728.563086632,-1.46460564253812,86.0,69.1,ISR,Ingreso Alto,489708278893.053,489708.27889305295,9.34390774596847,86.0,59.62,ISR,Ingreso Alto,525000415276.678,525000.4152766779,6.47037150232485,97.0,57.57,ISR,Ingreso Alto,513611100815.691,513611.100815691,2.42300691049012,101.0,53.23
77,Italy,43.0,75.02,ITA,Ingreso Alto,2019606796583.53,2019606.79658353,0.429162534371912,41.0,76.31,ITA,Ingreso Alto,1907481094079.23,1907481.09407923,-8.86822121046387,41.0,76.61,ITA,Ingreso Alto,2179207773596.09,2179207.7735960903,8.9310620660078,58.0,68.16,ITA,Ingreso Alto,2102995942720.44,2102995.94272044,4.66176265113695,41.0,72.05,ITA,Ingreso Alto,2300941152991.81,2300941.15299181,0.69763299419678,46.0,69.8
78,Ivory Coast,71.0,70.48,,,,,,68.0,71.06,,,,,,66.0,71.13,,,,,,37.0,74.46,,,,,,54.0,68.83,,,,,,53.0,66.89
79,Jamaica,8.0,88.87,JAM,Ingreso Mediano Alto,15830766570.7266,15830.7665707266,0.892291653822227,6.0,89.49,JAM,Ingreso Mediano Alto,13812421803.4084,13812.4218034084,-9.92032244889079,7.0,90.04,JAM,Ingreso Mediano Alto,14657586127.0331,14657.5861270331,4.6014245042592,12.0,83.35,JAM,Ingreso Mediano Alto,17097760723.9201,17097.7607239201,5.22151984737387,32.0,75.89,JAM,Ingreso Mediano Alto,19423355409.2316,19423.3554092316,2.20006147154612,24.0,77.3
80,Japan,67.0,70.64,JPN,Ingreso Alto,5117993853016.51,5117993.85301651,-0.402169200910933,66.0,71.14,JPN,Ingreso Alto,5055587093501.59,5055587.09350159,-4.14711889947692,67.0,71.12,JPN,Ingreso Alto,5034620784584.98,5034620.78458498,2.55932023865617,71.0,64.37,JPN,Ingreso Alto,4256410760723.75,4256410.76072375,0.954736937781391,68.0,63.95,JPN,Ingreso Alto,4204494802431.55,4204494.80243155,1.67901952310368,70.0,62.12
81,Jordan,130.0,56.89,JOR,Países De Ingreso Mediano Bajo,44503006338.0282,44503.0063380282,1.75124077866225,128.0,57.92,JOR,Países De Ingreso Mediano Bajo,43700383098.5916,43700.3830985916,-1.10275188309046,129.0,57.11,JOR,Países De Ingreso Mediano Bajo,46296100140.8451,46296.1001408451,3.65564191030398,120.0,48.66,JOR,Países De Ingreso Mediano Bajo,48764963380.2817,48764.9633802817,2.64743616429071,146.0,42.79,JOR,Países De Ingreso Mediano Bajo,50967475352.1127,50967.4753521127,2.67827153754409,132.0,44.3
82,Kazakhstan,158.0,47.18,KAZ,Ingreso Mediano Alto,181667184854.501,181667.184854501,4.50000000091883,157.0,45.89,KAZ,Ingreso Mediano Alto,171082365861.423,171082.365861423,-2.49999999628,155.0,49.72,KAZ,Ingreso Mediano Alto,197112255360.612,197112.255360612,4.29999999729456,122.0,48.28,KAZ,Ingreso Mediano Alto,225496328925.494,225496.328925494,3.19999999970734,134.0,45.87,KAZ,Ingreso Mediano Alto,262641892078.524,262641.892078524,5.09999999973641,142.0,41.11
83,Kenya,100.0,67.56,KEN,Países De Ingreso Mediano Bajo,100378436207.371,100378.436207371,5.11415885767801,103.0,66.28,KEN,Países De Ingreso Mediano Bajo,100657505750.545,100657.505750545,-0.272766327438816,102.0,66.35,KEN,Países De Ingreso Mediano Bajo,109703658904.994,109703.658904994,7.59048947333467,69.0,64.59,KEN,Países De Ingreso Mediano Bajo,114448978152.637,114448.978152637,4.85998104287999,116.0,51.15,KEN,Países De Ingreso Mediano Bajo,108038588970.595,108038.588970595,5.55587301319866,102.0,53.22
84,Kosovo,75.0,70.32,,,,,,70.0,70.67,,,,,,78.0,69.68,,,,,,61.0,67.0,,,,,,56.0,68.38,,,,,,75.0,60.19
85,Kuwait,108.0,66.14,KWT,Ingreso Alto,140856394870.02,140856.39487001998,2.26381690553512,109.0,65.7,KWT,Ingreso Alto,111045470461.207,111045.470461207,-4.81742860622226,105.0,65.64,KWT,Ingreso Alto,148459291453.471,148459.291453471,2.26080609815888,158.0,37.87,KWT,Ingreso Alto,183940215065.171,183940.21506517095,5.85920887270251,154.0,38.84,KWT,Ingreso Alto,163704878875.85,163704.87887585,-3.64042590261035,131.0,44.66
86,Kyrgyzstan,83.0,70.08,KGZ,Países De Ingreso Mediano Bajo,9371275264.36735,9371.27526436735,4.60062565707598,82.0,69.81,KGZ,Países De Ingreso Mediano Bajo,8270468614.24051,8270.46861424051,-7.14897757727955,79.0,69.63,KGZ,Países De Ingreso Mediano Bajo,9249133946.26531,9249.13394626531,5.50700762671923,72.0,64.25,KGZ,Países De Ingreso Mediano Bajo,12134931017.9465,12134.9310179465,8.96750520041391,122.0,49.91,KGZ,Países De Ingreso Mediano Bajo,13987627908.8381,13987.6279088381,6.15139183716032,120.0,49.11
87,Laos,171.0,35.51,,,,,,172.0,35.72,,,,,,172.0,29.44,,,,,,161.0,36.64,,,,,,160.0,36.66,,,,,,153.0,33.76
88,Latvia,24.0,80.47,LVA,Ingreso Alto,33099503950.847,33099.503950847,0.675375256812075,22.0,81.44,LVA,Ingreso Alto,33379927434.6149,33379.927434614896,-3.46922915339618,22.0,80.74,LVA,Ingreso Alto,38185125732.9451,38185.1257329451,6.94723316214511,22.0,79.17,LVA,Ingreso Alto,38018905782.397,38018.905782397,1.8126824022841,16.0,83.27,LVA,Ingreso Alto,42247850064.5125,42247.850064512495,1.70679524969924,12.0,82.9
89,Lebanon,101.0,67.56,LBN,Países De Ingreso Mediano Bajo,51605959131.2741,51605.9591312741,-6.91492472851026,102.0,66.81,LBN,Países De Ingreso Mediano Bajo,31712128253.7961,31712.1282537961,-21.3998996914321,107.0,65.07,LBN,Países De Ingreso Mediano Bajo,23131941556.7843,23131.941556784303,-7.00123862514116,130.0,46.58,LBN,Países De Ingreso Mediano Bajo,20992421948.8081,20992.4219488081,-0.621678970663112,119.0,50.46,LBN,Países De Ingreso Mediano Bajo,0.0,0.0,0.0,140.0,41.91
90,Lesotho,78.0,70.26,LSO,Países De Ingreso Mediano Bajo,2390702295.82777,2390.7022958277703,-1.41799383085205,86.0,69.55,LSO,Países De Ingreso Mediano Bajo,2053699870.07191,2053.69987007191,-8.15595879914267,88.0,68.3,LSO,Países De Ingreso Mediano Bajo,2412130056.55851,2412.1300565585098,2.26671067006538,88.0,59.39,LSO,Países De Ingreso Mediano Bajo,2354683088.71995,2354.6830887199503,2.38778020186284,67.0,64.29,LSO,Países De Ingreso Mediano Bajo,2117962450.79469,2117.96245079469,1.82662525852363,122.0,48.92
91,Liberia,93.0,68.51,LBR,Países De Ingreso Bajo,3319596500.0,3319.5965,-2.46729763532686,95.0,67.75,LBR,Países De Ingreso Bajo,3176126300.0,3176.1263,-2.98249127649473,98.0,66.64,LBR,Países De Ingreso Bajo,3513049500.0,3513.0495,4.98671283481617,75.0,62.77,LBR,Países De Ingreso Bajo,4001047000.0,4001.047,4.80810517290655,66.0,64.34,LBR,Países De Ingreso Bajo,4240000000.0,4240.0,4.68375688761311,60.0,65.13
92,Libya,162.0,44.23,LBY,Ingreso Mediano Alto,69254496471.6938,69254.4964716938,-11.1960828853386,164.0,44.23,LBY,Ingreso Mediano Alto,46854285440.642,46854.285440642,-29.4552967282824,165.0,44.27,LBY,Ingreso Mediano Alto,35217995647.2862,35217.9956472862,28.3334624622298,143.0,43.16,LBY,Ingreso Mediano Alto,43246297921.8499,43246.2979218499,-8.25163004105288,149.0,40.22,LBY,Ingreso Mediano Alto,45096462972.4014,45096.4629724014,10.1558181770326,143.0,40.59
93,Liechtenstein,26.0,79.51,LIE,Ingreso Alto,6436467007.11932,6436.46700711932,0.0,24.0,80.48,LIE,Ingreso Alto,6405870210.32293,6405.870210322931,0.0,23.0,80.51,LIE,Ingreso Alto,7710380085.92257,7710.38008592257,0.0,10.0,84.03,LIE,Ingreso Alto,7361504432.19331,7361.50443219331,0.0,11.0,84.47,LIE,Ingreso Alto,0.0,0.0,0.0,15.0,81.52
94,Lithuania,30.0,77.94,LTU,Ingreso Alto,55122066225.796,55122.066225796,4.67735155796807,28.0,78.81,LTU,Ingreso Alto,57412038533.2718,57412.0385332718,0.0428140173486753,28.0,79.95,LTU,Ingreso Alto,67037321008.9679,67037.3210089679,6.38001676204321,9.0,84.14,LTU,Ingreso Alto,71033884499.7824,71033.88449978239,2.53752500887173,7.0,86.79,LTU,Ingreso Alto,79789877416.1681,79789.8774161681,0.34226255222913,13.0,81.73
95,Luxembourg,17.0,84.34,LUX,Ingreso Alto,69890505323.5842,69890.50532358419,2.9158479150005,17.0,84.54,LUX,Ingreso Alto,73699366700.2134,73699.36670021339,-0.909829798886719,20.0,82.44,LUX,Ingreso Alto,85584105993.8746,85584.1059938746,7.16840198697749,21.0,79.81,LUX,Ingreso Alto,81641807865.7591,81641.8078657591,1.38018589083207,20.0,81.98,LUX,Ingreso Alto,85755006123.5976,85755.00612359759,-1.09572361576994,11.0,83.8
96,Madagascar,54.0,72.24,MDG,Países De Ingreso Bajo,14104664678.5063,14104.6646785063,4.41123212909589,54.0,72.32,MDG,Países De Ingreso Bajo,13051441203.9474,13051.4412039474,-7.13767162064489,57.0,71.76,MDG,Países De Ingreso Bajo,14554754116.5427,14554.7541165427,5.73961573854336,98.0,58.02,MDG,Países De Ingreso Bajo,15134700203.0497,15134.7002030497,3.99999999869678,101.0,56.66,MDG,Países De Ingreso Bajo,15790113246.7478,15790.1132467478,3.80000000009488,100.0,54.07
97,Malawi,68.0,70.64,MWI,Países De Ingreso Bajo,11051865579.8121,11051.8655798121,5.71682519194337,69.0,70.68,MWI,Países De Ingreso Bajo,11769313597.8545,11769.3135978545,0.793596429787286,62.0,71.2,MWI,Países De Ingreso Bajo,12378129750.9872,12378.1297509872,4.55829212016083,80.0,61.4,MWI,Países De Ingreso Bajo,12429060150.742,12429.060150742,0.921115069005936,82.0,60.34,MWI,Países De Ingreso Bajo,12712150082.0792,12712.1500820792,1.89245798756383,63.0,64.46
98,Malaysia,123.0,63.26,MYS,Ingreso Mediano Alto,365177721021.516,365177.721021516,4.41318742129586,101.0,66.88,MYS,Ingreso Mediano Alto,337456163961.211,337456.163961211,-5.45684658426701,119.0,60.53,MYS,Ingreso Mediano Alto,373784823672.946,373784.823672946,3.31534954399166,113.0,51.55,MYS,Ingreso Mediano Alto,407605841348.235,407605.841348235,8.86182187578046,73.0,62.83,MYS,Ingreso Mediano Alto,399705169318.477,399705.169318477,3.55548715410509,107.0,52.07
99,Maldives,98.0,67.84,MDV,Ingreso Mediano Alto,5726094799.37709,5726.094799377091,7.29833574515027,79.0,70.07,MDV,Ingreso Mediano Alto,3712604583.36665,3712.6045833666494,-32.9088287752921,72.0,70.87,MDV,Ingreso Mediano Alto,5252457369.55218,5252.45736955218,37.507870124321,87.0,59.55,MDV,Ingreso Mediano Alto,6177118113.94637,6177.11811394637,13.8260895184139,100.0,56.93,MDV,Ingreso Mediano Alto,6590894301.9579,6590.8943019579,4.72639189000989,106.0,52.36
100,Mali,112.0,64.77,MLI,Países De Ingreso Bajo,17280250810.0321,17280.2508100321,4.75616080770808,108.0,65.88,MLI,Países De Ingreso Bajo,17465392764.3706,17465.3927643706,-1.235450447077,99.0,66.5,MLI,Países De Ingreso Bajo,19309463508.0377,19309.4635080377,3.05261356942125,111.0,54.48,MLI,Países De Ingreso Bajo,18780322203.7584,18780.3222037584,3.47495171106735,113.0,52.29,MLI,Países De Ingreso Bajo,20661794596.0873,20661.7945960873,4.65677599093294,114.0,50.56
101,Malta,77.0,70.26,MLT,Ingreso Alto,16337793530.7788,16337.7935307788,4.08470602847339,81.0,69.84,MLT,Ingreso Alto,16385919535.6742,16385.9195356742,-3.47468750932252,81.0,69.54,MLT,Ingreso Alto,19718565605.433,19718.565605433,13.4603051960595,78.0,61.55,MLT,Ingreso Alto,19209979975.2323,19209.9799752323,4.14788281601133,84.0,59.76,MLT,Ingreso Alto,22328640241.5553,22328.640241555306,7.49851245937869,73.0,60.96
102,Mauritania,94.0,68.35,MRT,Países De Ingreso Mediano Bajo,7894764885.82312,7894.76488582312,3.14100489306969,97.0,67.46,MRT,Países De Ingreso Mediano Bajo,8260752385.23089,8260.75238523089,-0.360657384151068,94.0,67.75,MRT,Países De Ingreso Mediano Bajo,9222536364.01272,9222.53636401272,0.742715395138262,97.0,58.1,MRT,Países De Ingreso Mediano Bajo,9557966698.25369,9557.966698253693,6.79600510182286,86.0,59.45,MRT,Países De Ingreso Mediano Bajo,10651709411.4594,10651.7094114594,6.50718719858594,33.0,74.2
103,Mauritius,58.0,71.54,MUS,Ingreso Mediano Alto,14436346979.6355,14436.3469796355,2.89128499346516,56.0,72.0,MUS,Ingreso Mediano Alto,11408106446.3144,11408.1064463144,-14.5465381490166,61.0,71.26,MUS,Ingreso Mediano Alto,11484348857.8529,11484.3488578529,3.40379866177662,64.0,66.07,MUS,Ingreso Mediano Alto,12927979286.0453,12927.9792860453,8.87988519700977,63.0,65.56,MUS,Ingreso Mediano Alto,14644524819.0054,14644.5248190054,6.95828740328457,57.0,65.55
104,Mexico,144.0,53.22,MEX,Ingreso Mediano Alto,1304106203694.81,1304106.2036948102,-0.392690521579212,143.0,54.55,MEX,Ingreso Mediano Alto,1121064767261.88,1121064.76726188,-8.3540345574586,143.0,53.29,MEX,Ingreso Mediano Alto,1316569466932.59,1316569.46693259,6.04848344290505,127.0,47.57,MEX,Ingreso Mediano Alto,1464312692331.58,1464312.69233158,3.68911109348025,128.0,47.98,MEX,Ingreso Mediano Alto,1789114434843.46,1789114.43484346,3.19998116598492,121.0,49.01
105,Moldova,91.0,68.79,,,,,,91.0,68.84,,,,,,89.0,68.39,,,,,,40.0,73.47,,,,,,28.0,77.62,,,,,,31.0,74.86
106,Mongolia,70.0,70.49,MNG,Ingreso Mediano Alto,14206359017.5143,14206.3590175143,5.60224422064255,73.0,70.39,MNG,Ingreso Mediano Alto,13312981429.0891,13312.9814290891,-4.55775197583431,68.0,71.03,MNG,Ingreso Mediano Alto,15286441737.6686,15286.4417376686,1.63676957736662,90.0,59.17,MNG,Ingreso Mediano Alto,17146471713.748,17146.471713748,5.0327096366527,88.0,59.33,MNG,Ingreso Mediano Alto,20325121393.9074,20325.1213939074,7.4221127615025,109.0,51.34
107,Montenegro,104.0,67.26,MNE,Ingreso Mediano Alto,5542054181.12616,5542.05418112616,4.06294499167197,105.0,66.17,MNE,Ingreso Mediano Alto,4769996866.00758,4769.99686600758,-15.3068937570407,104.0,65.67,MNE,Ingreso Mediano Alto,5861427505.12493,5861.427505124931,13.0434642521552,63.0,66.54,MNE,Ingreso Mediano Alto,6229801580.79157,6229.80158079157,6.40668032879275,39.0,74.28,MNE,Ingreso Mediano Alto,7530593375.22034,7530.59337522034,6.33769754243548,40.0,73.21
108,Morocco,135.0,56.02,MAR,Países De Ingreso Mediano Bajo,128920266409.458,128920.266409458,2.89097476137077,133.0,57.12,MAR,Países De Ingreso Mediano Bajo,121353645057.144,121353.645057144,-7.17820744246774,136.0,56.06,MAR,Países De Ingreso Mediano Bajo,142022058447.231,142022.058447231,8.15473889823681,135.0,45.42,MAR,Países De Ingreso Mediano Bajo,130951926351.241,130951.926351241,1.52720357976111,144.0,43.69,MAR,Países De Ingreso Mediano Bajo,144417103249.646,144417.103249646,3.40334130078834,129.0,45.97
109,Mozambique,103.0,67.34,MOZ,Países De Ingreso Bajo,15512759046.672,15512.759046672,2.31781394821475,104.0,66.21,MOZ,Países De Ingreso Bajo,14235420174.1884,14235.4201741884,-1.21952250011192,108.0,64.61,MOZ,Países De Ingreso Bajo,16168055475.4449,16168.0554754449,2.37743572761507,116.0,49.89,MOZ,Países De Ingreso Bajo,18883528581.3734,18883.5285813734,4.36445074535436,102.0,56.13,MOZ,Países De Ingreso Bajo,20954220983.5473,20954.220983547297,5.43685912188634,105.0,52.42
110,Myanmar,138.0,55.08,MMR,Países De Ingreso Mediano Bajo,75065106227.6892,75065.10622768919,6.57911006765414,139.0,55.23,MMR,Países De Ingreso Mediano Bajo,79006113643.1906,79006.11364319059,-9.04834717984643,140.0,53.86,MMR,Países De Ingreso Mediano Bajo,66345291160.1683,66345.2911601683,-12.0163724829117,176.0,25.03,MMR,Países De Ingreso Mediano Bajo,62253049891.6449,62253.0498916449,4.03749343593624,173.0,28.26,MMR,Países De Ingreso Mediano Bajo,66757619000.0,66757.619,0.958446625192025,171.0,24.41
111,Namibia,23.0,81.05,NAM,Ingreso Mediano Alto,12541928303.48,12541.92830348,-0.839152163419357,23.0,80.75,NAM,Ingreso Mediano Alto,10583748541.5258,10583.748541525802,-8.10140201443319,24.0,80.28,NAM,Ingreso Mediano Alto,12402486183.6396,12402.4861836396,3.60382919248703,18.0,81.84,NAM,Ingreso Mediano Alto,12567271004.6761,12567.2710046761,5.34966408559102,22.0,80.91,NAM,Ingreso Mediano Alto,12351025066.9131,12351.0250669131,4.159985754998,34.0,74.16
112,Nepal,106.0,66.6,NPL,Países De Ingreso Mediano Bajo,34186180699.0255,34186.1806990255,6.65705543110467,112.0,64.9,NPL,Países De Ingreso Mediano Bajo,33433659301.2466,33433.659301246604,-2.3696206292072,106.0,65.38,NPL,Países De Ingreso Mediano Bajo,36924841394.2605,36924.8413942605,4.838149614115,76.0,62.67,NPL,Países De Ingreso Mediano Bajo,41182939600.67,41182.93960067,5.63131455871746,95.0,57.89,NPL,Países De Ingreso Mediano Bajo,40908073366.8455,40908.0733668455,1.95254463264347,74.0,60.52
113,Netherlands,4.0,91.37,NLD,Ingreso Alto,928903005576.469,928903.005576469,2.30009159476197,5.0,90.04,NLD,Ingreso Alto,932560861701.17,932560.86170117,-3.86795339323423,6.0,90.33,NLD,Ingreso Alto,1054472123449.6,1054472.1234496,6.27683073230526,28.0,77.93,NLD,Ingreso Alto,1046540797548.64,1046540.79754864,5.00723459045037,6.0,87.0,NLD,Ingreso Alto,1154361305398.06,1154361.30539806,0.0745607216494903,4.0,87.73
114,New Zealand,7.0,89.25,NZL,Ingreso Alto,212846907683.439,212846.907683439,2.36196217785604,9.0,89.31,NZL,Ingreso Alto,212697530897.56,212697.53089756,-0.424906457573115,8.0,89.96,NZL,Ingreso Alto,253644079784.977,253644.079784977,4.54624763852878,11.0,83.54,NZL,Ingreso Alto,246733522841.353,246733.522841353,2.7748426484212,13.0,84.23,NZL,Ingreso Alto,252175506110.168,252175.506110168,0.733302171674978,19.0,79.72
115,Nicaragua,114.0,64.47,NIC,Países De Ingreso Mediano Bajo,12699028889.666,12699.028889666,-2.89702791954369,117.0,64.19,NIC,Países De Ingreso Mediano Bajo,12681569254.2815,12681.5692542815,-1.75595289214087,121.0,60.02,NIC,Países De Ingreso Mediano Bajo,14144060853.1362,14144.0608531362,10.3160912841791,160.0,37.09,NIC,Países De Ingreso Mediano Bajo,15649897116.8965,15649.8971168965,3.75228475736668,158.0,37.09,NIC,Países De Ingreso Mediano Bajo,17829218219.3591,17829.2182193591,4.56922317096145,163.0,29.2
116,Niger,66.0,70.74,NER,Países De Ingreso Bajo,12889555561.2299,12889.5555612299,5.93985257123522,57.0,71.75,NER,Países De Ingreso Bajo,13744653103.058,13744.653103058,3.55064109436891,59.0,71.56,NER,Países De Ingreso Bajo,14915002436.069,14915.002436069,1.38359636198477,59.0,67.8,NER,Países De Ingreso Bajo,15433852712.2963,15433.8527122963,11.9000000000277,61.0,66.84,NER,Países De Ingreso Bajo,16819170420.5653,16819.1704205653,2.49999999999999,80.0,59.71
117,Nigeria,120.0,63.5,NGA,Países De Ingreso Mediano Bajo,474517490844.461,474517.490844461,2.20842927714881,115.0,64.37,NGA,Países De Ingreso Mediano Bajo,432198898467.795,432198.898467795,-1.79425308274458,120.0,60.31,NGA,Países De Ingreso Mediano Bajo,440833635873.827,440833.63587382704,3.64718654072446,129.0,46.79,NGA,Países De Ingreso Mediano Bajo,477403400101.174,477403.400101174,3.25168140827093,123.0,49.56,NGA,Países De Ingreso Mediano Bajo,363846332834.618,363846.332834618,2.86021499108364,112.0,51.03
118,North Korea,179.0,16.6,,,,,,180.0,14.18,,,,,,179.0,18.72,,,,,,180.0,13.92,,,,,,180.0,21.72,,,,,,177.0,20.66
119,North Macedonia,95.0,68.34,MKD,Ingreso Mediano Alto,12606338448.547,12606.338448547,3.91041953840173,92.0,68.72,MKD,Ingreso Mediano Alto,12361036913.8409,12361.0369138409,-4.68845000956652,90.0,68.33,MKD,Ingreso Mediano Alto,14000283827.0154,14000.2838270154,4.51067949038222,57.0,68.44,MKD,Ingreso Mediano Alto,13932436550.0883,13932.4365500883,2.75888415332967,38.0,74.35,MKD,Ingreso Mediano Alto,15763621848.115,15763.621848115,2.07274977880975,36.0,73.78
120,Northern Cyprus,74.0,70.33,,,,,,77.0,70.21,,,,,,76.0,70.18,,,,,,81.0,61.08,,,,,,76.0,61.73,,,,,,90.0,56.72
121,Norway,1.0,92.18,NOR,Ingreso Alto,408742840909.091,408742.840909091,1.12377787436797,1.0,92.16,NOR,Ingreso Alto,367633418886.627,367633.418886627,-1.2781717845226,1.0,93.28,NOR,Ingreso Alto,503367986030.268,503367.986030268,3.90868677689417,1.0,92.65,NOR,Ingreso Alto,593726965415.619,593726.965415619,3.00563516076298,1.0,95.18,NOR,Ingreso Alto,485310823603.662,485310.823603662,0.479647246011822,1.0,91.89
122,Oman,132.0,56.58,OMN,Ingreso Alto,88060858257.4772,88060.8582574772,-1.12863801728058,135.0,56.58,OMN,Ingreso Alto,75909492847.8544,75909.4928478544,-3.37972052697999,133.0,56.63,OMN,Ingreso Alto,87323797139.1417,87323.7971391417,2.5821749892893,163.0,35.99,OMN,Ingreso Alto,111943823146.944,111943.823146944,9.5771061309605,155.0,37.87,OMN,Ingreso Alto,108810923276.983,108810.923276983,1.3104401130721,137.0,42.52
123,Pakistan,142.0,54.17,PAK,Países De Ingreso Mediano Bajo,320909472770.669,320909.47277066903,2.49763692943365,145.0,54.48,PAK,Países De Ingreso Mediano Bajo,300425609817.981,300425.609817981,-1.27408744338709,145.0,53.14,PAK,Países De Ingreso Mediano Bajo,348516647445.148,348516.64744514803,6.51388575852702,157.0,37.99,PAK,Países De Ingreso Mediano Bajo,374890295666.694,374890.29566669394,4.7781068690358,150.0,39.95,PAK,Países De Ingreso Mediano Bajo,337912301397.727,337912.301397727,-0.0396925228069165,152.0,33.9
124,Palestine,137.0,55.32,,,,,,137.0,55.91,,,,,,132.0,56.82,,,,,,170.0,28.98,,,,,,156.0,37.86,,,,,,157.0,31.92
125,Panama,79.0,70.22,PAN,Ingreso Alto,69778991200.0,69778.9912,3.10306788630359,76.0,70.22,PAN,Ingreso Alto,57059846500.0,57059.8465,-17.8212299695008,77.0,70.06,PAN,Ingreso Alto,67396392500.0,67396.3925,16.4671249191559,74.0,62.78,PAN,Ingreso Alto,76276116700.0,76276.1167,10.769665870619,69.0,63.67,PAN,Ingreso Alto,83318176900.0,83318.1769,7.39930155626219,83.0,58.55
126,Papua New Guinea,38.0,75.3,PNG,Países De Ingreso Mediano Bajo,24750626040.5917,24750.626040591706,4.4805145710407,46.0,76.07,PNG,Países De Ingreso Mediano Bajo,23848447849.7467,23848.4478497467,-3.16743204087665,47.0,75.12,PNG,Países De Ingreso Mediano Bajo,26109413522.3081,26109.413522308103,-0.511353444150672,62.0,66.66,PNG,Países De Ingreso Mediano Bajo,31647277767.3976,31647.2777673976,5.70758411822096,59.0,67.62,PNG,Países De Ingreso Mediano Bajo,30729242919.4411,30729.2429194411,3.03570475499642,91.0,56.02
127,Paraguay,99.0,67.6,PRY,Ingreso Mediano Alto,37925338329.1494,37925.3383291494,-0.40185510068001,100.0,67.03,PRY,Ingreso Mediano Alto,35432178068.1814,35432.1780681814,-0.819785390971916,100.0,66.48,PRY,Ingreso Mediano Alto,39950899938.7482,39950.8999387482,4.01673731780312,96.0,58.36,PRY,Ingreso Mediano Alto,41952910858.0846,41952.9108580846,0.176038366132886,103.0,55.96,PRY,Ingreso Mediano Alto,42956263543.9482,42956.2635439482,4.71412407945468,115.0,50.48
128,Peru,85.0,69.78,PER,Ingreso Mediano Alto,228346006003.648,228346.006003648,2.24063176875049,90.0,69.06,PER,Ingreso Mediano Alto,201409694755.934,201409.694755934,-10.9333065010382,91.0,68.29,PER,Ingreso Mediano Alto,226354278280.885,226354.27828088505,13.3552295093079,77.0,61.75,PER,Ingreso Mediano Alto,246488757636.211,246488.757636211,2.72550021563363,110.0,52.74,PER,Ingreso Mediano Alto,267603248655.253,267603.248655253,-0.55018230632048,125.0,47.76
129,Philippines,134.0,56.09,PHL,Países De Ingreso Mediano Bajo,376823402244.928,376823.402244928,6.11852566118505,136.0,56.46,PHL,Países De Ingreso Mediano Bajo,361751145451.597,361751.145451597,-9.5182947406494,138.0,54.36,PHL,Países De Ingreso Mediano Bajo,394087359848.11,394087.35984811,5.71473313426225,147.0,41.84,PHL,Países De Ingreso Mediano Bajo,404353369604.631,404353.369604631,7.58098212785563,132.0,46.21,PHL,Países De Ingreso Mediano Bajo,437146372729.942,437146.372729942,5.54585117087767,134.0,43.36
130,Poland,59.0,71.11,POL,Ingreso Alto,602683770144.88,602683.77014488,4.58045817256199,62.0,71.35,POL,Ingreso Alto,605914237903.742,605914.2379037419,-2.03556882399977,64.0,71.16,POL,Ingreso Alto,689170230665.35,689170.23066535,6.92718266052501,66.0,65.64,POL,Ingreso Alto,695607470875.276,695607.470875276,5.25545697386036,57.0,67.66,POL,Ingreso Alto,809200697797.088,809200.6977970881,0.138832754787188,47.0,69.17
131,Portugal,12.0,87.37,PRT,Ingreso Alto,240115970063.019,240115.97006301905,2.74568471619554,10.0,88.17,PRT,Ingreso Alto,229618773422.577,229618.77342257695,-8.20463206255478,9.0,89.89,PRT,Ingreso Alto,256055879091.139,256055.879091139,5.55875752305435,7.0,87.07,PRT,Ingreso Alto,256898675068.927,256898.675068927,6.98584193827881,9.0,84.6,PRT,Ingreso Alto,289114289663.542,289114.289663542,2.52628110806764,7.0,85.9
132,Qatar,128.0,57.49,QAT,Ingreso Alto,176371267689.082,176371.267689082,0.688240959581748,129.0,57.49,QAT,Ingreso Alto,144411363345.27,144411.36334527,-3.55760399909477,128.0,57.4,QAT,Ingreso Alto,179732009554.846,179732.009554846,1.62684672468288,119.0,49.03,QAT,Ingreso Alto,235709325708.341,235709.325708341,4.18500971344966,105.0,55.28,QAT,Ingreso Alto,213002809330.267,213002.809330267,1.18715991184813,84.0,58.48
133,Romania,47.0,74.33,ROU,Ingreso Alto,251677082534.495,251677.08253449496,3.92326384963494,48.0,74.09,ROU,Ingreso Alto,252033792712.145,252033.792712145,-3.67438440910189,48.0,75.09,ROU,Ingreso Alto,286578196368.297,286578.196368297,5.5457096259051,56.0,68.46,ROU,Ingreso Alto,296354358293.475,296354.358293475,3.96530766311717,53.0,69.04,ROU,Ingreso Alto,350775856415.189,350775.85641518905,2.40427177912809,49.0,68.45
134,Russia,149.0,49.69,,,,,,149.0,51.08,,,,,,150.0,51.29,,,,,,155.0,38.82,,,,,,164.0,34.77,,,,,,162.0,29.86
135,Rwanda,155.0,47.57,RWA,Países De Ingreso Bajo,10349300380.33,10349.30038033,9.44738518613097,155.0,49.66,RWA,Países De Ingreso Bajo,10174387374.3478,10174.3873743478,-3.37368746369782,156.0,49.34,RWA,Países De Ingreso Bajo,11069280649.6459,11069.280649645902,10.8579677614975,136.0,45.18,RWA,Países De Ingreso Bajo,13316160895.0447,13316.1608950447,8.15773308481241,131.0,46.58,RWA,Países De Ingreso Bajo,14097768472.1883,14097.7684721883,8.24128769450616,144.0,40.54
136,Samoa,22.0,81.75,WSM,Países De Ingreso Mediano Bajo,912950466.064906,912.950466064906,4.45185891688691,21.0,81.75,WSM,Países De Ingreso Mediano Bajo,868898358.266437,868.8983582664371,-3.10844401053139,21.0,80.76,WSM,Países De Ingreso Mediano Bajo,843923638.733018,843.923638733018,-7.07883094291508,45.0,71.39,WSM,Países De Ingreso Mediano Bajo,832945205.637185,832.9452056371849,-5.30629089966979,19.0,82.15,WSM,Países De Ingreso Mediano Bajo,938189443.830393,938.189443830393,8.58409121817338,22.0,78.41
137,Saudi Arabia,172.0,34.12,SAU,Ingreso Alto,838564800000.0,838564.8,1.09773374954092,170.0,37.86,SAU,Ingreso Alto,734271200000.0,734271.2,-3.58153486307663,170.0,37.27,SAU,Ingreso Alto,874156000000.0,874156.0,5.07511034987979,166.0,33.71,SAU,Ingreso Alto,1108571466666.67,1108571.4666666698,7.48598429134137,170.0,32.43,SAU,Ingreso Alto,1067582933333.33,1067582.93333333,-0.754914810584665,166.0,27.14
138,Senegal,49.0,74.19,SEN,Países De Ingreso Mediano Bajo,23403995992.1354,23403.9959921354,4.61362809749708,47.0,76.01,SEN,Países De Ingreso Mediano Bajo,24530513037.7518,24530.5130377518,1.3420737726679,49.0,74.78,SEN,Países De Ingreso Mediano Bajo,27520784129.7508,27520.7841297508,6.54400109964304,73.0,63.07,SEN,Países De Ingreso Mediano Bajo,27619479059.6131,27619.4790596131,3.82586363675534,104.0,55.82,SEN,Países De Ingreso Mediano Bajo,30848333083.7055,30848.3330837055,4.58406140454957,94.0,55.44
139,Serbia,90.0,68.82,SRB,Ingreso Mediano Alto,53864693664.5568,53864.6936645568,4.75020793899014,93.0,68.38,SRB,Ingreso Mediano Alto,55874017668.998,55874.017668998,-0.950023991851594,93.0,67.97,SRB,Ingreso Mediano Alto,66159884072.5308,66159.8840725308,7.94905650472278,79.0,61.51,SRB,Ingreso Mediano Alto,66797564758.339,66797.564758339,2.63098644408841,91.0,59.16,SRB,Ingreso Mediano Alto,81342660752.3732,81342.6607523732,3.84747112784942,98.0,54.48
140,Seychelles,69.0,70.59,SYC,Ingreso Alto,1868690096.73454,1868.69009673454,5.5142920737342,63.0,71.34,SYC,Ingreso Alto,1382551751.56908,1382.55175156908,-11.7398608281732,52.0,74.34,SYC,Ingreso Alto,1487173794.80528,1487.17379480528,0.552281631207279,13.0,83.33,SYC,Ingreso Alto,2057968519.83091,2057.96851983091,14.9768513322959,34.0,75.71,SYC,Ingreso Alto,2141450171.13932,2141.45017113932,3.16171435490999,37.0,73.75
141,Sierra Leone,86.0,69.64,SLE,Países De Ingreso Bajo,6523577590.38319,6523.57759038319,5.50270937378153,85.0,69.72,SLE,Países De Ingreso Bajo,6688594757.62129,6688.59475762129,-1.2533490322766,75.0,70.39,SLE,Países De Ingreso Bajo,7165214367.64956,7165.21436764956,5.8968527047094,46.0,71.03,SLE,Países De Ingreso Bajo,7119137321.90082,7119.13732190082,5.3135546141915,74.0,62.55,SLE,Países De Ingreso Bajo,6411869546.28929,6411.86954628929,5.7100218981806,64.0,64.27
142,Singapore,151.0,48.59,SGP,Ingreso Alto,376901649222.451,376901.649222451,1.34505874082728,158.0,44.77,SGP,Ingreso Alto,349488382610.662,349488.382610662,-3.86979893430043,160.0,44.8,SGP,Ingreso Alto,434111559282.849,434111.559282849,9.69076687082064,139.0,44.23,SGP,Ingreso Alto,498474540987.78,498474.54098778,3.83807678519807,129.0,47.88,SGP,Ingreso Alto,501427500080.059,501427.5000800591,1.07503175095101,126.0,47.19
143,Slovakia,35.0,76.42,SVK,Ingreso Alto,105843498304.094,105843.498304094,2.27589918160336,33.0,77.33,SVK,Ingreso Alto,107732602896.441,107732.602896441,-2.5855125291319,35.0,76.98,SVK,Ingreso Alto,120592216208.386,120592.216208386,5.72698854011892,27.0,78.37,SVK,Ingreso Alto,115928615553.286,115928.615553286,0.449673875081572,17.0,83.22,SVK,Ingreso Alto,132908336234.295,132908.33623429498,1.37833727209444,29.0,76.03
144,Slovenia,34.0,77.69,SVN,Ingreso Alto,53909922735.545,53909.922735545,3.50525166840163,32.0,77.36,SVN,Ingreso Alto,53384760135.1581,53384.760135158096,-4.08499815297814,36.0,76.9,SVN,Ingreso Alto,61529280461.092,61529.280461092,8.38965032094461,54.0,68.54,SVN,Ingreso Alto,59927702746.2843,59927.7027462843,2.69923755687375,50.0,70.59,SVN,Ingreso Alto,69148468417.3208,69148.46841732081,2.11259184318999,42.0,72.6
145,Somalia,164.0,42.76,SOM,Países De Ingreso Bajo,8655023960.002,8655.023960002001,2.82431336541845,163.0,44.55,SOM,Países De Ingreso Bajo,8628393719.99922,8628.39371999922,-2.75248103927831,161.0,44.53,SOM,Países De Ingreso Bajo,9483997404.25227,9483.99740425227,3.45822792939802,140.0,44.01,SOM,Países De Ingreso Bajo,10202767269.9603,10202.7672699603,2.72711429582988,141.0,44.24,SOM,Países De Ingreso Bajo,10968517090.0004,10968.5170900004,4.21638432609835,145.0,39.4
146,South Africa,31.0,77.81,ZAF,Ingreso Mediano Alto,389330032224.269,389330.032224269,0.25993557687633,31.0,77.59,ZAF,Ingreso Mediano Alto,337974655408.055,337974.655408055,-6.1689177146757,32.0,78.41,ZAF,Ingreso Mediano Alto,420886877628.703,420886.877628703,4.95503259440756,35.0,75.56,ZAF,Ingreso Mediano Alto,406920004594.074,406920.004594074,1.91147996033504,25.0,78.6,ZAF,Ingreso Mediano Alto,380699271814.508,380699.271814508,0.698485194788034,38.0,73.73
147,South Korea,41.0,75.06,,,,,,42.0,76.3,,,,,,42.0,76.57,,,,,,43.0,72.11,,,,,,47.0,70.83,,,,,,62.0,64.87
148,South Sudan,139.0,54.35,SSD,Países De Ingreso Bajo,0.0,0.0,0.0,138.0,55.51,SSD,Países De Ingreso Bajo,0.0,0.0,0.0,139.0,54.22,SSD,Países De Ingreso Bajo,0.0,0.0,0.0,128.0,47.06,SSD,Países De Ingreso Bajo,0.0,0.0,0.0,118.0,50.62,SSD,Países De Ingreso Bajo,0.0,0.0,0.0,136.0,42.57
149,Spain,29.0,78.01,ESP,Ingreso Alto,1403496387686.27,1403496.38768627,1.9611785315135,29.0,77.84,ESP,Ingreso Alto,1289783836971.21,1289783.83697121,-10.9400706591866,29.0,79.56,ESP,Ingreso Alto,1461244901852.69,1461244.90185269,6.6831441850028,32.0,76.71,ESP,Ingreso Alto,1446498147749.03,1446498.14774903,6.17931222572963,36.0,75.37,ESP,Ingreso Alto,1620090734956.89,1620090.73495689,2.67566349258229,30.0,76.01
150,Sri Lanka,126.0,60.39,LKA,Países De Ingreso Mediano Bajo,89014978344.1404,89014.9783441404,-0.220483886072614,127.0,58.06,LKA,Países De Ingreso Mediano Bajo,84304298770.5329,84304.2987705329,-4.62451503662909,127.0,57.8,LKA,Países De Ingreso Mediano Bajo,88609324901.9774,88609.32490197741,4.2074764951157,146.0,42.13,LKA,Países De Ingreso Mediano Bajo,74144870023.4244,74144.87002342439,-7.34679123599076,135.0,45.85,LKA,Países De Ingreso Mediano Bajo,84356863743.6335,84356.8637436335,-2.29801056186895,150.0,35.21
151,Sudan,175.0,27.55,SDN,Países De Ingreso Bajo,32338079165.2893,32338.0791652893,-2.17825104530091,159.0,44.67,SDN,Países De Ingreso Bajo,27034593750.0,27034.59375,-3.62980082410752,159.0,47.07,SDN,Países De Ingreso Bajo,34229513774.9936,34229.5137749936,-1.8685204827207,151.0,40.96,SDN,Países De Ingreso Bajo,51666875363.0963,51666.8753630963,-0.957816591119183,148.0,40.83,SDN,Países De Ingreso Bajo,109265503110.904,109265.503110904,-20.1115759693272,149.0,35.73
152,Suriname,20.0,83.62,SUR,Ingreso Mediano Alto,4016040575.08796,4016.04057508796,1.16758977233877,20.0,82.5,SUR,Ingreso Mediano Alto,2911807496.20227,2911.80749620227,-15.9751917148622,19.0,83.05,SUR,Ingreso Mediano Alto,3107923197.96954,3107.92319796954,-2.43538583612838,52.0,68.95,SUR,Ingreso Mediano Alto,3791603200.0259,3791.6032000259,2.40622235601218,48.0,70.62,SUR,Ingreso Mediano Alto,3455146280.83975,3455.14628083975,2.53956675446825,28.0,76.11
153,Sweden,3.0,91.69,SWE,Ingreso Alto,532169294165.94,532169.29416594,2.54964785253048,4.0,90.75,SWE,Ingreso Alto,545147614972.141,545147.614972141,-2.00533750353763,3.0,92.76,SWE,Ingreso Alto,637186904843.636,637186.904843636,5.9375085730744,3.0,88.84,SWE,Ingreso Alto,579895717343.956,579895.717343956,1.45928850757269,4.0,88.15,SWE,Ingreso Alto,584960475767.32,584960.4757673199,-0.310670184725893,3.0,88.32
154,Switzerland,6.0,89.48,CHE,Ingreso Alto,721369112726.724,721369.112726724,1.14198232505277,8.0,89.38,CHE,Ingreso Alto,741999406005.627,741999.406005627,-2.14173720650054,10.0,89.45,CHE,Ingreso Alto,813408787222.499,813408.787222499,5.39188804141473,14.0,82.72,CHE,Ingreso Alto,818426550206.45,818426.5502064499,2.56832817834069,12.0,84.4,CHE,Ingreso Alto,884940402230.409,884940.4022304091,0.716066868695833,9.0,84.01
155,Syria,174.0,28.22,,,,,,174.0,27.43,,,,,,173.0,29.37,,,,,,171.0,28.94,,,,,,175.0,27.22,,,,,,179.0,17.41
156,Taiwan,42.0,75.02,,,,,,43.0,76.24,,,,,,43.0,76.14,,,,,,38.0,74.08,,,,,,35.0,75.54,,,,,,27.0,76.13
157,Tajikistan,161.0,45.98,TJK,Países De Ingreso Mediano Bajo,8300813599.3084,8300.8135993084,7.40000016310556,161.0,44.66,TJK,Países De Ingreso Mediano Bajo,8133963550.65742,8133.9635506574205,4.40000111553493,162.0,44.48,TJK,Países De Ingreso Mediano Bajo,8937805347.13963,8937.805347139629,9.39999955037523,152.0,40.26,TJK,Países De Ingreso Mediano Bajo,10713525200.3998,10713.5252003998,8.00000033846364,153.0,39.06,TJK,Países De Ingreso Mediano Bajo,12060602008.8478,12060.6020088478,8.29999921651935,155.0,33.31
158,Tanzania,118.0,63.72,,,,,,124.0,59.75,,,,,,124.0,59.31,,,,,,123.0,48.28,,,,,,143.0,44.02,,,,,,97.0,54.8
159,Thailand,136.0,55.9,THA,Ingreso Mediano Alto,543976691793.886,543976.691793886,2.11455779628278,140.0,55.06,THA,Ingreso Mediano Alto,500461898480.246,500461.898480246,-6.05003846851622,137.0,54.78,THA,Ingreso Mediano Alto,506256494297.34,506256.4942973401,1.56818176501186,115.0,50.15,THA,Ingreso Mediano Alto,495645210972.751,495645.21097275097,2.46276934050356,106.0,55.24,THA,Ingreso Mediano Alto,514968699239.005,514968.699239005,1.88725725050934,87.0,58.12
160,Timor-Leste,84.0,70.07,TLS,Países De Ingreso Mediano Bajo,2032550400.0,2032.5504,24.2128840085001,78.0,70.1,TLS,Países De Ingreso Mediano Bajo,2162619200.0,2162.6192,31.7257416721413,71.0,70.89,TLS,Países De Ingreso Mediano Bajo,3624889700.0,3624.8897,5.363126627216,17.0,81.89,TLS,Países De Ingreso Mediano Bajo,3208594000.0,3208.594,-20.584244040573,10.0,84.49,TLS,Países De Ingreso Mediano Bajo,2079916900.0,2079.9169,-18.1178133769718,20.0,78.92
161,Togo,76.0,70.31,TGO,Países De Ingreso Bajo,6992700101.37188,6992.70010137188,4.92292591685973,71.0,70.67,TGO,Países De Ingreso Bajo,7400284167.78479,7400.28416778479,1.99215501870344,74.0,70.41,TGO,Países De Ingreso Bajo,8342243645.94438,8342.24364594438,5.99087610392314,100.0,57.17,TGO,Países De Ingreso Bajo,8169476148.95692,8169.47614895692,5.75954251521733,70.0,63.06,TGO,Países De Ingreso Bajo,9171261837.57103,9171.26183757103,6.40792215636242,113.0,50.89
162,Tonga,45.0,74.59,TON,Ingreso Mediano Alto,494197841.113077,494.197841113077,-0.208437487640992,50.0,72.73,TON,Ingreso Mediano Alto,496856295.76752,496.85629576752,1.78339492959161,46.0,75.41,TON,Ingreso Mediano Alto,518228012.09129,518.22801209129,0.362601971842835,49.0,69.74,TON,Ingreso Mediano Alto,518180042.241509,518.180042241509,-2.30986002720401,44.0,71.29,TON,Ingreso Mediano Alto,0.0,0.0,0.0,45.0,70.11
163,Trinidad and Tobago,39.0,75.26,,,,,,36.0,76.78,,,,,,31.0,78.45,,,,,,25.0,78.68,,,,,,30.0,76.54,,,,,,25.0,76.69
164,Tunisia,72.0,70.39,TUN,Países De Ingreso Mediano Bajo,41905642418.825,41905.642418825,1.58784665466504,72.0,70.55,TUN,Países De Ingreso Mediano Bajo,42491780918.361,42491.780918361,-9.01193412390238,73.0,70.47,TUN,Países De Ingreso Mediano Bajo,46812290143.344,46812.290143344,4.7363207484732,94.0,58.49,TUN,Países De Ingreso Mediano Bajo,44579761022.8993,44579.7610228993,2.67331821840567,121.0,50.11,TUN,Países De Ingreso Mediano Bajo,48529595416.6533,48529.5954166533,0.0391565674939329,118.0,49.97
165,Turkey,157.0,47.19,TUR,Ingreso Mediano Alto,761005915750.925,761005.9157509251,0.818514526726673,154.0,49.98,TUR,Ingreso Mediano Alto,720338490327.248,720338.490327248,1.85987303976462,153.0,50.21,TUR,Ingreso Mediano Alto,819865223976.115,819865.223976115,11.4393956926566,149.0,41.25,TUR,Ingreso Mediano Alto,907118434653.505,907118.434653505,5.53342787492781,165.0,33.97,TUR,Ingreso Mediano Alto,1118252964260.77,1118252.96426077,5.11116818488702,158.0,31.6
166,Turkmenistan,180.0,14.56,TKM,Ingreso Mediano Alto,45232857142.8571,45232.8571428571,6.30000004226711,179.0,14.56,TKM,Ingreso Mediano Alto,45818000000.0,45818.0,5.900000048526,178.0,19.97,TKM,Ingreso Mediano Alto,50007428571.4286,50007.428571428594,6.20000001747076,177.0,25.01,TKM,Ingreso Mediano Alto,58972000000.0,58972.0,6.19999993621698,176.0,25.82,TKM,Ingreso Mediano Alto,60628857142.8571,60628.8571428571,6.30015758549871,175.0,22.01
167,Uganda,125.0,60.58,UGA,Países De Ingreso Bajo,35348155095.4215,35348.1550954215,6.43874503276439,125.0,59.05,UGA,Países De Ingreso Bajo,37600368241.6657,37600.3682416657,2.95130642218098,125.0,58.81,UGA,Países De Ingreso Bajo,40529788748.6737,40529.7887486737,3.53658034070898,132.0,46.35,UGA,Países De Ingreso Bajo,45565333210.9108,45565.3332109108,4.58802192181773,133.0,46.08,UGA,Países De Ingreso Bajo,48768955863.3175,48768.9558633175,5.33697295511469,128.0,46.0
168,Ukraine,102.0,67.54,UKR,Ingreso Mediano Alto,153883047509.577,153883.047509577,3.19950386231294,96.0,67.48,UKR,Ingreso Mediano Alto,156617722013.342,156617.72201334202,-3.7528179386597,97.0,67.04,UKR,Ingreso Mediano Alto,199765859570.935,199765.859570935,3.44562065700251,106.0,55.76,UKR,Ingreso Mediano Alto,161989520721.19,161989.52072119,-28.7585842132117,79.0,61.19,UKR,Ingreso Mediano Alto,178757021965.008,178757.021965008,5.32433537426355,61.0,65.0
169,United Arab Emirates,133.0,56.37,ARE,Ingreso Alto,417989721734.494,417989.721734494,1.10834813893099,131.0,57.31,ARE,Ingreso Alto,349473015336.939,349473.015336939,-4.95705243652739,131.0,56.87,ARE,Ingreso Alto,415178792769.884,415178.792769884,4.35475529921305,138.0,44.46,ARE,Ingreso Alto,502731935197.487,502731.935197487,7.50969703221836,145.0,42.99,ARE,Ingreso Alto,514130432653.081,514130.432653081,3.61870653547174,160.0,30.62
170,United Kingdom,33.0,77.77,,,,,,35.0,77.07,,,,,,33.0,78.41,,,,,,24.0,78.71,,,,,,26.0,78.51,,,,,,23.0,77.51
171,United States,48.0,74.31,,,,,,45.0,76.15,,,,,,44.0,76.07,,,,,,42.0,72.74,,,,,,45.0,71.22,,,,,,55.0,66.59
172,Uruguay,19.0,83.94,URY,Ingreso Alto,62222325807.0578,62222.3258070578,0.928351033363754,19.0,84.21,URY,Ingreso Alto,53668636567.8667,53668.6365678667,-7.38014184479323,18.0,83.62,URY,Ingreso Alto,60760798595.5436,60760.7985955436,5.56189279343275,44.0,72.03,URY,Ingreso Alto,70164683290.3776,70164.6832903776,4.70725761465232,52.0,70.33,URY,Ingreso Alto,77240830877.4597,77240.8308774597,0.3674751756175,51.0,67.7
173,Uzbekistan,160.0,46.48,UZB,Países De Ingreso Mediano Bajo,67293639798.3996,67293.6397983996,6.77992399653822,156.0,46.93,UZB,Países De Ingreso Mediano Bajo,66443265418.3086,66443.2654183086,1.56334277259953,157.0,49.26,UZB,Países De Ingreso Mediano Bajo,77340060003.0347,77340.0600030347,8.0346831263811,133.0,46.35,UZB,Países De Ingreso Mediano Bajo,90095926567.4359,90095.9265674359,6.00134232206508,137.0,45.73,UZB,Países De Ingreso Mediano Bajo,101591769702.343,101591.769702343,6.29141635081155,148.0,37.27
174,Venezuela,148.0,50.9,,,,,,147.0,54.34,,,,,,148.0,52.4,,,,,,159.0,37.78,,,,,,159.0,36.99,,,,,,156.0,33.06
175,Vietnam,176.0,25.07,,,,,,175.0,25.29,,,,,,175.0,21.54,,,,,,174.0,26.11,,,,,,178.0,24.58,,,,,,174.0,22.31
176,Yemen,168.0,38.34,YEM,Países De Ingreso Bajo,0.0,0.0,0.0,167.0,41.75,YEM,Países De Ingreso Bajo,0.0,0.0,0.0,169.0,37.65,YEM,Países De Ingreso Bajo,0.0,0.0,0.0,169.0,29.14,YEM,Países De Ingreso Bajo,0.0,0.0,0.0,168.0,32.78,YEM,Países De Ingreso Bajo,0.0,0.0,0.0,154.0,33.67
177,Zambia,119.0,63.62,ZMB,Países De Ingreso Mediano Bajo,23308667781.2258,23308.6677812258,1.44130602603785,120.0,63.0,ZMB,Países De Ingreso Mediano Bajo,18137764930.651,18137.764930651,-2.78505506545167,115.0,61.79,ZMB,Países De Ingreso Mediano Bajo,22096416932.0089,22096.4169320089,6.23492204726448,109.0,55.4,ZMB,Países De Ingreso Mediano Bajo,29163782140.4858,29163.7821404858,5.21122360356247,87.0,59.41,ZMB,Países De Ingreso Mediano Bajo,27577956471.244,27577.956471244,5.36794285493059,95.0,55.38
178,Zimbabwe,127.0,57.77,ZWE,Países De Ingreso Mediano Bajo,25717409842.4479,25717.409842447894,-6.33244640703352,126.0,59.05,ZWE,Países De Ingreso Mediano Bajo,26867936444.6826,26867.9364446826,-7.81695064681365,130.0,56.88,ZWE,Países De Ingreso Mediano Bajo,27240515108.8049,27240.515108804902,8.46801689759531,137.0,44.94,ZWE,Países De Ingreso Mediano Bajo,32789751736.3323,32789.7517363323,6.13926326513234,126.0,48.17,ZWE,Países De Ingreso Mediano Bajo,35231367885.8554,35231.3678858554,5.33673049519527,116.0,50.31
